3m_buy,3m_overweight,3m_hold,3m_underweight,3m_sell,1m_buy,1m_overweight,1m_hold,1m_underweight,1m_sell,curr_buy,curr_overweight,curr_hold,curr_underweight,curr_sell
22,4,11,1,2,24,5,10,1,2,24,5,10,1,2
28,2,2,0,0,30,2,3,0,0,30,3,2,0,0
N/A,N/A,N/A,N/A,N/A,45,5,2,0,0,44,5,2,0,0
34,4,5,0,0,40,4,1,0,0,37,5,3,0,0
33,4,5,0,0,39,4,1,0,0,36,5,3,0,0
47,3,3,0,0,45,4,4,0,1,44,4,4,0,1
46,3,3,0,0,44,4,4,0,1,43,4,4,0,1
39,3,6,0,1,39,4,6,0,2,38,4,5,0,2
11,1,14,2,9,8,1,15,2,8,10,1,14,3,6
49,4,1,0,0,47,7,3,0,0,46,7,3,0,0
N/A,N/A,N/A,N/A,N/A,2,0,4,0,0,2,0,4,0,0
24,4,2,1,1,25,3,3,1,1,26,6,1,0,1
4,0,8,3,3,4,0,7,3,5,4,0,8,3,5
28,3,5,1,0,29,4,6,0,0,29,4,6,1,0
15,2,9,0,2,N/A,N/A,N/A,N/A,N/A,16,2,6,1,2
10,2,6,0,0,10,2,5,1,0,10,2,6,0,0
27,3,6,1,0,29,4,6,0,0,29,4,5,1,0
N/A,N/A,N/A,N/A,N/A,20,6,6,1,2,20,6,7,0,2
15,1,9,0,0,19,1,6,1,0,20,1,7,1,0
18,1,5,1,3,19,2,4,0,3,20,2,4,0,3
20,1,6,0,0,20,1,6,0,0,18,1,6,0,0
N/A,N/A,N/A,N/A,N/A,23,4,7,1,1,23,5,5,1,1
14,1,11,0,1,15,3,9,0,1,15,3,8,1,1
13,1,8,1,0,11,1,9,1,0,11,1,10,1,0
N/A,N/A,N/A,N/A,N/A,15,4,7,0,1,16,3,7,0,1
N/A,N/A,N/A,N/A,N/A,14,4,7,0,1,15,3,7,0,1
33,3,8,1,0,35,5,7,0,1,35,5,7,0,1
18,4,8,1,0,19,4,9,1,0,20,4,9,1,0
14,3,3,0,0,15,4,2,0,0,16,3,2,0,0
16,3,4,1,0,14,3,7,1,0,14,3,8,1,0
21,8,3,1,0,15,7,4,0,0,14,6,4,1,0
29,3,1,0,0,28,4,1,0,0,28,5,0,0,0
21,2,4,0,1,36,5,3,0,0,37,6,3,0,0
22,2,9,0,0,24,2,7,0,0,25,2,6,0,0
21,2,4,0,1,36,5,3,0,0,37,6,3,0,0
5,0,17,0,3,10,0,14,0,4,8,1,15,0,3
9,1,19,3,6,14,1,15,2,8,14,1,16,2,8
2,0,0,0,0,N/A,N/A,N/A,N/A,N/A,1,1,0,0,0
9,1,18,0,0,9,1,16,0,1,7,1,18,0,1
20,1,10,1,1,21,0,10,1,2,22,0,11,1,1
21,5,12,1,3,N/A,N/A,N/A,N/A,N/A,23,5,9,1,3
26,3,4,1,0,25,3,3,1,0,25,3,3,1,0
14,2,6,0,0,11,5,8,0,0,12,5,7,0,0
16,2,7,0,0,18,2,8,0,0,18,3,6,0,0
12,2,11,0,0,17,1,10,0,0,17,1,11,0,0
10,2,8,1,4,9,1,9,0,5,11,1,9,0,5
18,9,6,0,0,16,6,4,0,0,17,6,4,0,0
6,2,17,0,4,3,2,16,0,5,4,2,17,0,5
N/A,N/A,N/A,N/A,N/A,N/A,N/A,N/A,N/A,N/A,15,2,2,1,1
10,3,6,0,1,11,3,7,0,1,11,3,6,0,1
12,1,13,0,0,10,1,15,0,0,11,1,14,0,0
17,1,3,0,0,18,3,1,0,0,17,3,1,0,0
23,4,6,1,2,27,5,6,1,1,27,5,5,1,1
15,5,4,1,1,19,3,4,2,1,20,3,4,2,1
33,2,7,0,1,32,3,9,0,0,31,3,9,0,0
9,2,15,1,0,8,3,15,1,1,7,3,15,1,1
14,0,3,0,0,15,0,3,0,0,15,0,1,0,0
10,0,8,0,0,12,0,7,1,0,12,0,7,1,0
5,1,13,0,0,5,2,14,0,0,5,2,13,0,0
N/A,N/A,N/A,N/A,N/A,N/A,N/A,N/A,N/A,N/A,14,2,8,0,2
14,2,6,0,0,13,3,5,0,0,14,3,5,0,0
N/A,N/A,N/A,N/A,N/A,N/A,N/A,N/A,N/A,N/A,15,2,8,0,2
N/A,N/A,N/A,N/A,N/A,12,4,5,0,0,12,3,5,0,0
11,0,1,1,0,10,1,3,1,0,11,1,3,1,0
22,3,5,1,0,23,3,5,1,0,23,3,5,1,0
11,0,2,1,0,10,1,4,1,0,11,1,4,1,0
N/A,N/A,N/A,N/A,N/A,9,2,10,1,0,9,3,9,1,0
15,2,5,1,0,15,2,4,1,0,16,2,5,0,0
10,3,2,0,0,12,3,3,0,0,13,4,3,0,0
15,1,12,2,0,N/A,N/A,N/A,N/A,N/A,16,1,11,1,0
9,1,1,0,0,9,1,0,1,0,8,1,1,1,0
11,3,10,0,4,14,2,11,1,5,14,3,10,0,5
11,3,10,0,4,13,2,11,1,5,13,3,10,0,5
17,1,9,0,1,22,3,6,0,2,22,2,6,1,0
17,1,9,0,1,22,3,6,0,2,22,2,6,1,0
17,1,9,0,2,22,3,6,0,3,22,2,6,1,1
6,2,17,0,4,3,2,16,0,5,4,2,17,0,5
N/A,N/A,N/A,N/A,N/A,11,1,13,1,4,11,2,12,1,4
9,3,14,0,1,14,3,9,0,1,14,3,10,0,0
22,2,4,1,0,23,3,2,1,0,23,3,3,0,0
18,2,5,0,1,18,2,5,0,0,19,2,5,0,0
14,1,1,0,0,N/A,N/A,N/A,N/A,N/A,12,1,1,0,0
22,2,8,0,0,25,3,8,0,0,24,2,9,0,0
19,3,4,0,0,14,2,3,0,1,15,2,3,0,1
19,3,4,0,0,15,2,3,0,1,16,2,3,0,1
8,1,4,1,3,N/A,N/A,N/A,N/A,N/A,15,1,4,1,4
17,1,9,0,0,18,1,9,0,0,18,2,7,1,0
18,1,2,0,1,18,1,2,0,1,18,1,2,0,1
3,0,2,0,0,1,0,1,0,0,1,0,0,0,0
19,2,5,0,0,21,1,5,0,0,18,1,7,0,0
18,2,10,3,2,20,3,9,2,2,19,3,9,2,0
18,2,7,1,1,18,2,9,0,1,18,2,8,0,1
N/A,N/A,N/A,N/A,N/A,5,1,5,1,0,5,1,4,1,0
12,2,9,1,0,N/A,N/A,N/A,N/A,N/A,12,2,10,1,0
N/A,N/A,N/A,N/A,N/A,12,1,8,0,0,13,2,7,0,0
N/A,N/A,N/A,N/A,N/A,17,4,10,0,0,19,4,10,0,0
11,1,11,1,4,10,1,10,2,3,12,1,9,2,3
N/A,N/A,N/A,N/A,N/A,13,2,7,1,4,12,2,7,1,4
16,3,9,0,0,16,2,8,1,0,16,3,7,1,0
13,2,17,1,1,13,2,15,1,2,13,2,16,2,1
20,2,6,1,0,N/A,N/A,N/A,N/A,N/A,20,2,8,1,0
33,3,4,1,0,35,5,3,1,0,32,6,1,0,0
17,0,6,0,0,15,2,6,0,0,15,1,6,1,0
34,3,4,1,0,36,5,3,1,0,33,6,1,0,0
8,3,5,0,0,9,3,3,0,0,9,3,3,0,0
12,2,6,0,0,N/A,N/A,N/A,N/A,N/A,11,2,7,0,0
13,6,11,1,0,11,3,10,0,0,12,3,9,0,0
13,0,5,0,0,12,1,7,0,0,12,1,7,0,0
14,0,15,1,0,12,0,14,1,0,12,0,15,1,0
8,2,1,0,2,8,1,4,0,0,8,1,5,0,0
N/A,N/A,N/A,N/A,N/A,2,0,2,0,0,1,0,2,0,0
14,2,8,0,0,15,2,11,0,0,15,2,10,0,0
3,0,0,0,0,4,0,2,0,0,5,0,2,0,0
17,0,7,1,0,17,0,7,1,0,19,0,5,1,0
17,0,6,0,0,15,2,6,0,0,15,1,6,1,0
16,2,4,0,1,20,2,2,0,1,19,2,2,0,1
18,2,4,0,0,18,3,4,0,0,17,3,5,0,0
14,1,18,0,0,14,2,18,0,0,16,2,15,0,0
20,3,5,1,0,21,2,8,1,0,22,2,9,0,0
9,0,9,0,1,10,0,8,1,0,11,0,8,1,0
18,1,12,0,2,17,1,13,0,2,15,1,14,0,2
18,2,8,1,0,19,3,9,1,0,19,3,10,0,0
12,2,2,0,2,N/A,N/A,N/A,N/A,N/A,13,2,3,0,1
14,2,7,0,0,14,2,8,0,1,15,2,8,0,1
0,1,1,0,0,N/A,N/A,N/A,N/A,N/A,0,0,2,0,0
N/A,N/A,N/A,N/A,N/A,9,2,10,1,2,9,1,11,1,2
1,2,1,0,0,2,2,2,0,0,3,2,2,0,0
8,2,14,0,2,10,1,20,0,3,10,1,18,0,3
34,6,3,0,1,32,6,2,0,1,34,6,2,0,1
9,2,14,1,2,11,2,14,1,1,11,1,14,2,1
16,1,9,0,0,16,1,9,0,1,17,1,7,1,1
13,2,5,0,0,12,2,5,0,0,12,2,6,0,0
1,1,1,1,0,1,1,1,1,0,1,1,2,1,0
4,0,0,0,0,N/A,N/A,N/A,N/A,N/A,1,0,0,0,0
14,1,4,0,2,N/A,N/A,N/A,N/A,N/A,14,1,4,1,1
N/A,N/A,N/A,N/A,N/A,N/A,N/A,N/A,N/A,N/A,5,0,10,0,2
13,4,6,1,3,13,3,8,0,3,10,3,11,0,3
N/A,N/A,N/A,N/A,N/A,N/A,N/A,N/A,N/A,N/A,14,0,3,0,0
13,1,6,0,2,16,1,5,1,1,17,1,4,1,1
24,1,15,1,3,23,2,16,1,2,24,1,17,1,3
32,3,5,0,3,29,4,4,0,3,29,3,4,0,2
20,0,4,1,0,21,0,4,0,0,21,0,4,0,0
2,0,14,0,2,3,0,12,1,2,4,0,13,1,2
N/A,N/A,N/A,N/A,N/A,14,0,7,0,0,11,0,8,0,0
N/A,N/A,N/A,N/A,N/A,14,2,7,1,1,15,2,6,0,1
N/A,N/A,N/A,N/A,N/A,9,1,0,0,0,8,0,0,0,0
13,2,6,0,1,13,2,5,0,1,13,1,6,0,1
N/A,N/A,N/A,N/A,N/A,N/A,N/A,N/A,N/A,N/A,N/A,N/A,N/A,N/A,N/A
8,2,15,0,2,N/A,N/A,N/A,N/A,N/A,10,2,14,0,2
15,5,2,0,2,16,4,1,0,2,15,4,1,0,2
15,5,2,0,2,16,4,1,0,2,15,4,1,0,2
N/A,N/A,N/A,N/A,N/A,28,0,5,1,0,28,0,6,0,0
26,1,4,1,0,N/A,N/A,N/A,N/A,N/A,28,2,3,0,0
18,2,13,1,1,17,2,14,0,2,17,2,14,0,2
12,0,19,2,0,9,0,19,1,0,10,0,17,1,0
14,1,3,1,3,13,1,4,1,3,13,1,5,1,3
19,2,7,0,0,18,3,6,0,0,18,3,6,0,0
9,1,3,0,0,10,2,3,1,0,11,2,3,1,0
20,0,0,1,0,19,0,2,1,0,17,0,2,1,1
16,2,5,0,1,16,2,5,0,1,19,2,3,0,1
22,0,4,0,0,19,0,3,0,0,18,0,4,0,0
12,4,12,1,1,13,4,12,2,0,13,4,11,3,0
26,2,7,1,0,27,2,9,0,0,26,2,10,0,0
26,3,9,0,0,31,2,5,1,0,29,2,5,1,1
13,3,7,1,0,16,2,3,1,0,16,1,4,1,0
14,2,11,0,1,13,2,12,0,2,13,2,12,0,2
13,3,8,1,0,16,2,4,1,0,16,1,4,1,0
N/A,N/A,N/A,N/A,N/A,17,3,7,0,1,19,3,6,0,1
10,0,6,0,0,N/A,N/A,N/A,N/A,N/A,9,2,6,0,0
12,1,11,0,1,9,1,12,0,2,10,0,12,0,3
25,1,10,0,3,26,1,11,0,2,25,1,11,0,1
6,1,5,1,0,4,2,8,1,0,6,2,6,1,0
12,4,11,1,1,13,4,11,2,0,13,4,10,3,0
12,1,10,0,1,9,1,11,0,2,10,0,11,0,3
16,2,8,1,1,18,0,7,1,1,17,1,7,1,1
8,2,7,0,3,6,2,8,0,3,7,2,8,0,3
11,0,7,1,1,N/A,N/A,N/A,N/A,N/A,12,0,5,2,1
26,4,4,0,1,28,5,3,0,1,28,4,4,0,1
N/A,N/A,N/A,N/A,N/A,21,1,2,0,0,21,1,2,0,0
1,0,1,0,0,0,0,1,0,0,1,0,1,0,0
8,0,2,1,0,8,0,3,0,0,8,0,3,0,0
17,2,6,0,0,N/A,N/A,N/A,N/A,N/A,17,2,4,0,0
N/A,N/A,N/A,N/A,N/A,6,2,19,1,1,7,2,18,1,1
33,5,8,1,1,32,8,8,1,1,33,8,8,1,1
17,5,2,0,0,21,5,1,0,0,23,4,2,0,0
13,2,2,0,0,16,1,2,0,0,17,1,2,0,0
N/A,N/A,N/A,N/A,N/A,18,1,4,0,0,18,2,3,0,0
2,2,4,1,5,2,2,5,0,6,2,1,5,0,3
19,2,5,0,3,21,2,1,0,3,21,2,1,0,2
8,2,13,0,3,9,1,16,0,0,11,1,13,1,0
11,1,16,0,2,13,1,15,0,2,13,1,16,0,2
1,2,0,0,1,N/A,N/A,N/A,N/A,N/A,1,1,1,0,1
9,2,13,1,0,9,2,11,0,0,10,2,11,0,0
21,3,3,1,0,19,3,4,1,0,18,3,4,1,0
29,2,4,0,0,30,3,3,1,1,28,4,3,1,1
12,3,8,0,0,12,2,10,0,0,11,1,12,0,0
10,0,11,2,1,12,1,8,2,1,12,1,8,1,2
N/A,N/A,N/A,N/A,N/A,N/A,N/A,N/A,N/A,N/A,N/A,N/A,N/A,N/A,N/A
N/A,N/A,N/A,N/A,N/A,5,0,11,2,3,6,0,11,2,3
14,0,7,1,0,16,0,9,1,0,17,0,7,1,0
14,0,3,1,2,14,1,2,1,2,14,2,4,0,0
13,0,8,1,0,13,0,8,1,0,13,0,8,1,0
30,2,4,0,0,31,3,3,1,1,29,4,3,1,1
19,0,4,1,0,19,0,5,0,0,19,0,5,1,0
2,0,0,0,0,4,0,0,0,0,4,0,0,1,0
10,2,3,0,1,10,2,3,0,1,11,2,3,0,1
N/A,N/A,N/A,N/A,N/A,11,3,10,1,2,12,3,10,1,2
N/A,N/A,N/A,N/A,N/A,12,2,11,0,0,12,2,10,0,0
5,1,14,1,1,6,1,14,0,1,6,1,13,1,1
12,0,3,0,0,N/A,N/A,N/A,N/A,N/A,12,1,2,0,0
10,2,7,1,0,8,2,6,1,1,9,2,5,1,1
N/A,N/A,N/A,N/A,N/A,7,2,9,1,3,8,2,8,1,2
N/A,N/A,N/A,N/A,N/A,12,0,2,1,0,14,0,3,1,0
19,2,3,0,1,19,2,3,0,1,18,2,3,0,1
10,2,3,0,1,11,1,4,0,3,10,2,3,0,3
11,1,6,1,0,N/A,N/A,N/A,N/A,N/A,12,2,6,0,0
23,2,5,1,0,25,3,5,1,0,25,3,5,1,0
12,0,11,2,4,12,0,11,2,3,14,0,11,2,3
14,4,9,0,0,14,3,7,1,1,13,3,8,1,1
18,4,6,1,0,17,4,7,1,0,17,4,6,1,0
23,5,6,0,4,N/A,N/A,N/A,N/A,N/A,21,6,6,1,5
7,0,11,0,0,7,0,11,0,0,6,1,11,0,0
5,0,5,0,1,6,0,5,0,1,7,0,4,0,1
23,5,6,0,4,N/A,N/A,N/A,N/A,N/A,21,6,6,1,5
10,3,16,0,5,12,3,15,0,4,11,3,15,0,4
9,0,4,0,2,11,0,6,0,2,11,0,6,0,1
9,0,5,2,1,9,1,6,0,1,8,1,8,1,1
3,2,5,0,0,6,1,5,0,0,5,1,4,0,0
9,2,6,0,0,10,1,7,0,0,10,2,6,0,0
2,0,18,1,5,3,0,16,1,6,3,0,17,0,6
18,1,1,1,1,19,1,1,1,1,19,1,1,1,1
N/A,N/A,N/A,N/A,N/A,N/A,N/A,N/A,N/A,N/A,0,1,0,0,0
N/A,N/A,N/A,N/A,N/A,5,0,14,1,2,5,0,14,1,2
8,1,9,0,1,9,1,8,0,1,10,1,7,0,1
13,3,2,0,0,12,4,2,0,0,11,4,2,0,0
N/A,N/A,N/A,N/A,N/A,11,1,10,0,0,12,1,9,0,0
8,0,11,0,4,6,0,13,1,3,7,0,13,0,3
4,0,5,2,0,3,0,8,1,0,2,0,9,1,0
N/A,N/A,N/A,N/A,N/A,15,3,2,1,0,15,3,2,1,0
17,0,4,0,1,14,0,4,0,1,13,0,4,0,1
N/A,N/A,N/A,N/A,N/A,15,1,7,1,2,14,1,8,1,2
12,1,11,1,2,12,0,16,1,1,14,0,15,1,1
1,1,0,0,0,N/A,N/A,N/A,N/A,N/A,2,0,1,0,0
18,1,2,1,0,18,1,3,0,0,16,1,2,0,0
10,0,0,0,0,N/A,N/A,N/A,N/A,N/A,11,0,1,0,0
8,1,8,1,3,6,1,12,1,1,6,1,11,2,1
20,1,4,1,1,23,1,4,0,1,24,1,4,0,0
N/A,N/A,N/A,N/A,N/A,15,1,2,1,0,16,1,2,1,0
7,0,7,1,2,9,0,4,1,4,10,0,4,1,4
15,2,11,1,1,15,2,11,1,1,15,2,9,1,1
N/A,N/A,N/A,N/A,N/A,17,2,5,0,0,17,1,5,0,0
10,1,12,1,6,10,0,14,3,5,9,1,16,2,4
9,1,12,1,6,9,0,14,3,5,8,1,16,2,4
9,2,8,0,2,9,2,9,0,2,11,2,8,1,1
18,3,9,0,3,19,3,8,0,2,20,3,8,0,1
26,2,6,0,0,26,3,7,0,0,26,3,7,1,0
10,1,2,0,1,9,1,3,0,0,10,1,2,0,0
17,3,9,0,0,17,3,8,0,0,14,3,13,0,0
7,3,9,2,2,5,3,12,1,2,6,3,10,2,3
N/A,N/A,N/A,N/A,N/A,10,3,7,0,0,10,3,9,0,1
5,0,14,0,2,6,0,13,0,2,6,0,13,0,2
N/A,N/A,N/A,N/A,N/A,7,1,10,1,2,7,1,11,1,2
13,2,10,0,0,13,2,12,0,0,13,2,11,0,0
12,1,4,1,2,11,1,6,0,1,12,1,6,0,0
6,3,11,2,0,7,2,12,3,0,5,3,13,3,0
5,1,9,1,3,5,1,8,2,4,5,1,9,1,4
16,1,5,0,1,17,2,4,0,0,18,1,4,0,0
1,0,5,1,8,1,0,6,1,8,1,0,6,1,7
9,2,11,0,2,12,2,7,0,2,12,1,8,0,2
14,1,4,1,1,15,1,4,1,2,15,1,4,2,1
4,2,12,2,0,2,2,12,2,1,2,2,13,1,1
12,0,5,0,1,11,0,7,0,0,12,1,5,0,0
5,2,9,1,0,9,1,6,1,0,9,1,7,1,0
38,4,0,0,0,N/A,N/A,N/A,N/A,N/A,39,3,0,0,0
9,2,10,0,2,12,2,6,0,2,12,1,7,0,2
9,2,4,1,1,9,4,4,0,1,9,4,4,0,0
15,4,1,1,1,15,3,2,1,1,13,3,2,1,1
5,0,11,0,0,7,1,9,0,0,10,1,6,0,0
15,1,8,0,0,13,1,8,0,0,14,1,8,0,0
22,1,3,1,0,24,0,3,1,0,25,0,3,1,0
13,4,3,0,0,14,2,3,0,0,15,2,4,0,0
5,0,11,0,0,7,1,9,0,0,10,1,6,0,0
10,1,2,0,0,N/A,N/A,N/A,N/A,N/A,10,1,2,0,0
11,1,2,0,0,N/A,N/A,N/A,N/A,N/A,11,1,2,0,0
13,2,3,1,1,16,1,4,1,1,16,2,4,1,1
1,0,1,0,0,1,0,2,0,0,1,0,1,0,0
21,2,5,0,0,21,3,5,0,0,20,4,4,0,0
N/A,N/A,N/A,N/A,N/A,0,0,1,0,0,1,0,1,0,0
14,1,6,0,2,N/A,N/A,N/A,N/A,N/A,16,1,4,1,1
8,0,6,0,0,11,0,5,0,0,11,0,3,0,0
17,2,3,1,0,N/A,N/A,N/A,N/A,N/A,17,2,4,0,0
N/A,N/A,N/A,N/A,N/A,15,0,8,1,0,17,0,6,1,0
8,0,6,0,2,8,0,5,1,2,7,0,5,1,2
N/A,N/A,N/A,N/A,N/A,7,1,5,0,0,8,1,4,0,0
20,2,3,0,0,21,2,4,0,0,21,1,5,0,0
10,0,15,0,0,13,0,11,0,0,13,0,12,0,0
8,1,2,0,2,9,1,4,0,1,10,0,6,0,1
N/A,N/A,N/A,N/A,N/A,9,1,5,1,0,9,1,6,0,0
7,0,16,3,0,11,0,11,2,0,12,0,10,2,0
7,0,10,1,2,7,0,8,1,3,7,0,9,1,3
N/A,N/A,N/A,N/A,N/A,10,1,6,1,0,12,1,5,1,0
10,0,23,1,4,12,0,23,1,3,10,0,24,1,3
12,0,7,0,0,14,0,4,0,0,16,0,3,0,0
12,1,11,1,5,11,0,11,1,6,10,0,11,2,5
9,0,7,1,1,9,1,8,0,0,10,2,6,0,0
15,0,4,0,0,11,0,5,1,0,11,1,5,0,0
15,0,4,0,0,11,0,5,1,0,11,1,5,0,0
N/A,N/A,N/A,N/A,N/A,9,0,6,0,0,11,0,3,1,0
8,1,15,2,1,5,0,12,2,6,5,0,12,2,8
9,1,15,2,1,5,0,13,2,6,5,0,13,2,8
12,1,10,0,2,17,1,7,1,2,17,1,8,0,2
8,0,0,0,0,8,0,0,0,0,3,0,1,1,1
8,0,13,0,0,9,0,15,1,0,9,0,16,0,0
11,1,4,1,0,11,1,3,0,0,11,1,3,0,0
6,0,5,2,0,8,0,4,2,1,7,1,6,1,0
14,2,6,0,0,15,3,5,0,0,16,2,6,0,0
12,1,10,1,1,N/A,N/A,N/A,N/A,N/A,12,1,11,0,1
N/A,N/A,N/A,N/A,N/A,4,1,4,0,3,5,1,2,0,4
6,0,8,0,1,5,0,7,0,2,4,0,9,0,2
10,2,6,1,1,N/A,N/A,N/A,N/A,N/A,10,1,9,1,1
18,0,7,0,0,17,0,6,0,0,17,0,7,0,0
14,0,4,0,0,N/A,N/A,N/A,N/A,N/A,15,0,5,0,0
16,2,9,1,0,18,2,7,0,1,18,2,7,0,1
N/A,N/A,N/A,N/A,N/A,19,2,3,0,0,17,3,4,0,0
17,2,1,0,1,19,2,0,0,1,19,2,0,1,0
6,0,10,0,1,6,1,7,1,1,6,1,9,0,1
13,2,4,1,0,12,2,5,1,0,13,2,5,1,0
4,0,13,0,1,5,1,11,0,1,5,0,13,0,1
N/A,N/A,N/A,N/A,N/A,6,1,8,1,1,6,1,7,2,1
22,1,2,0,0,23,3,0,0,0,23,3,0,0,0
N/A,N/A,N/A,N/A,N/A,N/A,N/A,N/A,N/A,N/A,N/A,N/A,N/A,N/A,N/A
14,1,11,0,0,17,1,9,0,0,16,1,9,0,0
15,0,2,0,0,15,2,2,0,0,14,2,2,0,0
N/A,N/A,N/A,N/A,N/A,11,1,4,0,1,12,1,3,0,1
5,0,10,0,2,N/A,N/A,N/A,N/A,N/A,7,0,10,0,2
16,0,11,1,1,17,1,9,1,0,17,1,10,1,0
15,2,4,0,1,13,2,3,0,1,14,2,4,0,1
N/A,N/A,N/A,N/A,N/A,11,1,10,1,1,12,1,10,1,1
10,0,7,2,3,9,0,9,2,3,7,0,10,2,3
8,2,2,0,0,9,2,2,0,0,8,2,1,0,0
N/A,N/A,N/A,N/A,N/A,N/A,N/A,N/A,N/A,N/A,11,0,8,0,2
11,2,4,1,3,11,2,4,1,2,11,2,5,1,2
16,1,1,1,1,17,1,0,0,1,16,1,0,0,1
7,0,17,0,0,8,0,15,1,0,7,0,15,0,0
17,1,1,1,1,18,1,0,0,1,17,1,0,0,1
10,1,7,0,0,9,1,8,0,0,8,1,8,0,0
1,0,5,0,1,1,0,3,0,4,2,0,2,0,4
6,0,15,1,2,6,0,16,0,1,7,0,15,0,1
14,1,9,0,0,15,1,7,0,0,15,1,7,0,1
12,0,6,1,0,12,0,6,1,0,13,0,7,1,0
N/A,N/A,N/A,N/A,N/A,7,1,11,0,2,5,1,13,0,2
10,0,7,1,0,N/A,N/A,N/A,N/A,N/A,8,2,9,1,0
5,0,9,0,0,N/A,N/A,N/A,N/A,N/A,5,0,13,0,0
18,1,5,0,0,17,3,6,0,0,17,3,5,0,1
N/A,N/A,N/A,N/A,N/A,N/A,N/A,N/A,N/A,N/A,8,0,2,0,0
N/A,N/A,N/A,N/A,N/A,16,0,8,0,2,18,0,8,0,2
N/A,N/A,N/A,N/A,N/A,14,2,6,0,0,14,2,5,1,0
8,2,14,0,3,9,1,13,1,4,10,1,12,1,4
9,0,2,0,1,9,1,3,0,1,11,2,4,0,1
N/A,N/A,N/A,N/A,N/A,N/A,N/A,N/A,N/A,N/A,1,0,0,0,0
19,1,7,1,0,20,1,6,1,0,20,1,7,0,0
8,0,10,1,0,9,0,10,1,0,9,0,11,0,0
10,3,4,1,3,10,3,5,1,1,9,2,6,1,1
N/A,N/A,N/A,N/A,N/A,20,4,1,0,1,23,3,1,0,1
15,2,6,0,0,14,2,6,0,0,14,2,5,0,0
15,0,6,1,0,16,2,4,0,0,16,1,4,1,0
N/A,N/A,N/A,N/A,N/A,14,2,3,0,0,12,2,3,0,0
6,0,7,1,1,5,0,11,0,2,4,0,11,0,2
14,1,4,1,0,17,1,3,1,0,17,1,3,1,0
N/A,N/A,N/A,N/A,N/A,16,2,10,1,1,15,2,11,0,1
10,0,5,0,0,9,0,5,0,0,7,0,7,0,0
17,2,7,0,0,19,2,5,1,0,19,2,4,1,0
6,4,7,0,6,5,4,9,1,6,6,3,10,2,5
8,0,8,1,1,10,2,7,0,1,10,2,7,1,0
15,1,2,0,0,15,1,2,0,0,15,1,1,0,1
13,2,0,0,0,9,2,0,0,0,12,2,0,0,1
14,1,9,2,2,N/A,N/A,N/A,N/A,N/A,11,1,9,2,2
1,1,2,0,0,2,0,1,1,0,2,0,0,1,0
N/A,N/A,N/A,N/A,N/A,0,0,19,1,2,1,1,16,1,2
N/A,N/A,N/A,N/A,N/A,20,3,10,0,0,18,5,11,0,0
12,1,7,1,3,13,1,7,0,3,12,1,7,0,3
10,1,9,0,0,9,1,9,0,0,9,1,8,1,0
13,1,5,0,1,15,0,7,0,0,14,0,8,0,0
18,2,7,0,0,20,2,5,1,0,20,2,4,1,0
12,1,6,0,1,12,1,7,0,1,11,1,7,0,1
N/A,N/A,N/A,N/A,N/A,17,3,5,1,0,16,3,4,1,0
6,4,6,0,6,5,4,8,1,6,6,3,9,2,5
5,0,7,0,1,6,0,6,0,1,8,0,5,1,2
5,0,2,0,1,6,0,2,0,1,7,0,2,0,1
13,1,5,1,2,14,1,5,1,3,14,0,4,2,4
8,1,11,2,3,8,1,10,2,3,10,0,8,2,2
N/A,N/A,N/A,N/A,N/A,N/A,N/A,N/A,N/A,N/A,9,1,5,1,1
12,1,4,1,0,11,1,4,1,0,12,1,4,0,0
11,0,10,0,1,10,0,10,0,1,12,1,9,0,0
11,0,9,0,1,10,0,9,0,1,12,1,8,0,0
4,1,5,1,3,4,1,2,1,4,4,1,3,1,3
10,1,9,1,0,13,2,6,0,0,13,1,5,2,0
2,0,9,0,3,3,0,10,0,1,3,0,10,1,1
10,0,9,0,1,10,0,9,0,1,11,0,7,1,0
9,1,6,0,0,8,1,6,0,0,8,1,7,0,0
N/A,N/A,N/A,N/A,N/A,N/A,N/A,N/A,N/A,N/A,15,0,4,0,2
N/A,N/A,N/A,N/A,N/A,7,1,7,0,1,7,1,8,0,0
5,0,11,2,12,4,0,11,2,13,3,0,14,2,12
17,2,3,0,0,11,1,12,0,0,12,2,10,0,0
19,3,9,0,0,19,2,8,0,1,18,2,6,0,1
14,0,4,2,0,14,0,5,1,0,14,0,4,1,0
7,1,11,0,0,6,2,9,0,0,7,2,10,0,0
11,1,13,1,4,15,1,11,1,3,13,2,13,0,3
11,1,3,1,0,9,2,4,0,0,11,2,4,0,0
24,4,5,0,0,24,5,5,0,0,24,5,5,0,0
17,3,2,2,1,16,3,4,2,2,16,3,5,1,2
N/A,N/A,N/A,N/A,N/A,N/A,N/A,N/A,N/A,N/A,5,0,6,0,1
N/A,N/A,N/A,N/A,N/A,16,3,15,1,0,17,3,13,1,0
5,2,5,0,2,N/A,N/A,N/A,N/A,N/A,5,2,5,0,2
6,2,5,0,0,N/A,N/A,N/A,N/A,N/A,5,3,5,0,0
11,3,7,1,2,9,2,8,1,2,10,2,8,1,2
11,1,1,2,0,12,1,2,1,0,12,1,2,0,1
10,0,0,0,0,N/A,N/A,N/A,N/A,N/A,8,0,0,0,0
N/A,N/A,N/A,N/A,N/A,18,2,13,0,1,18,2,12,0,1
19,7,5,2,1,21,7,1,2,1,22,5,2,2,1
11,1,6,1,0,13,2,4,1,0,14,2,3,1,0
12,0,6,0,0,12,1,5,0,1,11,1,4,0,1
10,3,7,1,2,8,2,8,1,2,9,2,8,1,2
13,5,5,1,0,10,2,4,1,0,10,2,4,1,0
13,1,5,1,1,N/A,N/A,N/A,N/A,N/A,14,1,4,1,1
5,0,8,1,3,5,0,10,0,2,5,0,10,0,2
11,3,3,0,1,13,4,4,0,2,13,3,5,0,2
13,1,4,0,0,11,1,6,0,0,10,1,6,0,0
9,2,14,0,1,12,3,11,0,0,15,1,8,1,0
N/A,N/A,N/A,N/A,N/A,N/A,N/A,N/A,N/A,N/A,0,1,0,0,0
10,0,12,1,1,9,0,13,2,0,8,0,14,1,0
5,1,11,0,4,5,1,11,0,4,6,0,12,0,4
16,4,1,0,0,14,3,4,0,0,16,2,4,0,0
6,2,9,1,2,5,1,11,2,2,6,1,11,2,2
8,0,9,0,7,8,0,7,2,6,8,0,9,2,5
N/A,N/A,N/A,N/A,N/A,12,0,7,0,0,12,0,6,0,0
26,2,2,0,0,24,4,2,0,0,27,4,2,0,0
18,7,1,0,3,17,8,2,0,2,19,8,1,0,3
9,1,6,0,3,6,0,8,1,4,5,0,8,1,4
18,3,0,0,0,18,3,1,0,0,17,2,3,0,0
N/A,N/A,N/A,N/A,N/A,11,1,20,0,0,11,1,18,0,0
18,1,3,0,0,18,2,3,0,0,18,1,4,0,0
9,2,7,1,0,9,2,7,1,0,8,2,7,1,0
13,1,4,0,0,13,1,4,0,0,14,0,4,0,0
16,1,9,0,0,17,0,9,0,0,17,0,10,0,0
6,0,11,0,0,6,1,12,0,0,6,1,11,0,0
N/A,N/A,N/A,N/A,N/A,5,0,8,0,1,6,0,7,0,1
15,3,12,0,0,16,4,11,0,0,17,4,13,0,0
11,0,10,2,1,15,0,6,1,2,14,0,6,2,1
N/A,N/A,N/A,N/A,N/A,6,0,8,2,2,7,0,7,2,2
11,0,9,2,1,14,0,6,1,2,13,0,6,2,1
4,1,6,0,0,4,1,4,0,0,4,1,4,0,0
14,1,3,1,2,N/A,N/A,N/A,N/A,N/A,15,0,4,1,2
1,1,9,0,2,2,1,8,0,2,2,1,5,1,2
9,2,13,0,1,11,3,11,0,0,10,3,12,0,0
8,1,7,0,1,9,1,7,0,1,10,1,6,1,0
N/A,N/A,N/A,N/A,N/A,12,0,1,0,0,11,0,1,0,0
12,3,3,0,1,14,4,4,0,2,14,3,5,0,2
9,1,3,0,0,8,1,4,0,0,8,1,5,0,0
11,2,11,0,1,8,2,15,0,1,8,1,16,0,1
3,0,11,1,0,3,0,11,1,0,2,0,12,1,0
N/A,N/A,N/A,N/A,N/A,13,0,1,0,0,12,0,1,0,0
8,2,13,0,1,10,3,11,0,0,9,3,12,0,0
7,1,16,0,1,10,1,12,0,1,11,1,11,0,1
16,2,2,0,0,N/A,N/A,N/A,N/A,N/A,12,2,5,0,0
9,4,3,1,0,6,1,4,2,0,6,2,4,1,0
17,1,3,1,0,18,1,3,1,0,19,1,2,1,0
N/A,N/A,N/A,N/A,N/A,10,0,5,0,0,11,0,4,0,0
14,1,3,1,0,15,1,3,1,0,14,1,4,1,0
N/A,N/A,N/A,N/A,N/A,11,2,1,0,1,11,2,2,0,0
13,2,5,1,0,15,3,3,1,0,16,3,5,0,0
N/A,N/A,N/A,N/A,N/A,5,0,14,1,1,4,0,14,1,1
19,1,1,0,0,17,1,5,0,0,16,1,5,0,0
N/A,N/A,N/A,N/A,N/A,N/A,N/A,N/A,N/A,N/A,11,0,4,0,1
26,3,2,0,0,29,1,4,0,0,29,1,5,0,0
6,2,7,2,5,6,2,9,2,6,7,2,8,2,6
10,0,0,2,0,9,0,2,1,0,9,0,2,0,0
12,3,4,0,0,11,3,3,0,0,12,3,2,0,0
14,2,3,1,1,15,2,2,0,2,15,2,2,1,1
N/A,N/A,N/A,N/A,N/A,9,0,9,0,1,10,0,9,0,1
15,2,7,1,1,14,2,8,1,1,14,2,7,1,2
N/A,N/A,N/A,N/A,N/A,1,1,7,0,3,2,1,7,0,2
15,2,5,0,0,15,2,5,0,0,15,1,6,0,0
12,1,9,0,2,12,1,8,0,2,12,1,7,0,2
10,0,2,0,0,10,1,1,0,0,11,1,1,0,0
N/A,N/A,N/A,N/A,N/A,15,1,8,0,1,16,1,8,0,1
7,3,11,1,0,7,3,12,1,0,6,3,11,1,0
10,0,9,0,0,10,0,8,0,0,10,0,10,0,0
3,0,14,2,2,4,0,14,2,2,4,0,15,2,2
19,3,3,0,1,21,2,3,0,2,22,2,1,0,2
14,2,6,0,1,14,2,6,0,1,13,2,5,1,1
7,3,6,0,2,8,2,7,0,1,9,2,7,0,1
N/A,N/A,N/A,N/A,N/A,6,1,4,0,1,7,0,5,0,1
8,1,9,0,0,9,1,8,0,0,10,1,7,0,0
16,3,2,0,1,16,3,2,0,1,16,2,3,0,1
9,1,8,1,4,10,2,10,0,2,10,2,11,0,2
7,0,11,1,2,5,0,12,2,1,5,0,11,2,1
1,0,9,2,5,N/A,N/A,N/A,N/A,N/A,1,0,10,1,5
N/A,N/A,N/A,N/A,N/A,N/A,N/A,N/A,N/A,N/A,10,1,5,0,1
2,0,12,0,2,2,0,11,0,2,2,0,11,1,1
1,0,8,2,5,N/A,N/A,N/A,N/A,N/A,1,0,9,1,5
27,1,8,0,0,27,1,5,0,1,31,1,3,0,1
4,1,13,0,0,4,0,15,0,0,4,0,14,0,0
19,2,6,0,1,19,1,8,0,1,21,1,6,0,1
13,2,8,0,0,13,2,8,0,0,12,2,9,0,0
N/A,N/A,N/A,N/A,N/A,5,0,9,1,9,6,0,10,1,8
15,2,6,0,0,14,1,8,1,0,14,1,7,1,0
3,0,2,0,1,N/A,N/A,N/A,N/A,N/A,4,0,2,0,1
13,1,12,0,5,14,0,12,0,4,13,0,12,0,5
10,0,8,0,0,N/A,N/A,N/A,N/A,N/A,11,1,7,0,0
8,1,12,0,5,8,0,10,1,7,6,0,13,1,5
N/A,N/A,N/A,N/A,N/A,3,2,7,0,2,2,2,9,0,1
N/A,N/A,N/A,N/A,N/A,8,1,4,0,0,8,1,3,1,0
10,5,12,3,12,9,6,11,4,12,10,6,11,3,12
14,2,8,0,1,14,3,7,1,1,15,2,8,0,1
N/A,N/A,N/A,N/A,N/A,8,1,2,0,0,9,1,2,0,0
17,2,7,0,0,18,1,7,0,0,17,1,7,0,0
14,2,9,0,1,14,3,8,1,1,15,2,9,0,1
9,2,11,0,0,11,2,9,0,0,10,2,10,0,0
8,2,11,0,0,10,2,9,0,0,9,2,10,0,0
12,0,10,0,0,11,0,11,0,0,12,0,10,0,0
9,3,5,0,1,10,2,6,0,0,10,2,6,0,0
N/A,N/A,N/A,N/A,N/A,7,2,16,0,2,7,3,15,0,2
4,0,14,1,0,5,0,13,1,0,6,0,12,1,0
1,0,13,1,3,2,0,11,2,4,3,0,10,2,4
23,2,2,0,0,24,1,0,1,0,24,1,1,0,0
12,0,10,0,1,12,0,11,0,0,12,0,10,1,0
N/A,N/A,N/A,N/A,N/A,7,1,7,0,1,5,1,9,0,1
7,1,10,0,4,5,1,12,1,3,5,2,11,1,3
2,1,10,2,6,2,1,13,1,5,3,2,15,0,2
7,0,1,1,0,7,0,2,1,0,8,0,2,1,0
12,1,8,1,1,N/A,N/A,N/A,N/A,N/A,15,2,6,1,1
8,1,10,0,4,6,1,12,1,3,6,2,11,1,3
8,1,10,0,4,6,1,12,1,3,6,2,11,1,3
5,0,4,0,1,4,0,3,0,2,4,0,4,0,2
2,0,16,0,0,4,2,13,0,2,4,1,14,0,2
N/A,N/A,N/A,N/A,N/A,1,0,19,0,0,1,0,19,0,0
11,0,11,0,2,13,0,9,0,2,13,0,8,1,2
11,1,7,0,0,N/A,N/A,N/A,N/A,N/A,10,1,8,0,0
N/A,N/A,N/A,N/A,N/A,1,0,8,1,4,1,0,8,1,3
11,1,10,0,1,11,1,10,0,1,10,1,10,0,1
7,1,10,1,6,N/A,N/A,N/A,N/A,N/A,8,1,11,0,5
9,0,8,0,0,15,0,4,0,1,15,1,4,0,1
23,4,2,0,2,28,3,0,0,2,28,2,0,1,1
5,0,7,1,0,N/A,N/A,N/A,N/A,N/A,8,0,5,1,0
7,1,0,0,0,4,1,0,0,0,6,1,0,0,0
15,2,5,0,0,N/A,N/A,N/A,N/A,N/A,15,2,4,0,0
17,1,12,0,0,18,0,11,0,1,17,0,11,0,1
N/A,N/A,N/A,N/A,N/A,11,0,9,0,0,10,0,9,0,0
7,1,2,0,1,8,1,2,0,1,8,1,3,0,0
N/A,N/A,N/A,N/A,N/A,6,1,8,0,0,7,1,7,1,0
10,1,16,0,1,13,1,12,1,2,14,1,11,1,1
10,3,3,0,2,11,3,3,1,2,11,3,2,1,2
8,1,1,0,0,9,1,1,0,0,11,1,1,0,0
13,0,6,1,2,13,0,4,2,2,14,0,5,2,1
3,0,2,0,0,4,0,1,0,0,5,0,1,0,0
8,0,3,0,1,6,0,4,0,1,6,0,3,1,1
4,0,2,0,0,5,0,1,0,0,6,0,1,0,0
8,0,13,0,2,8,0,12,0,2,8,0,12,0,2
5,0,18,2,0,6,0,15,3,1,6,0,16,3,1
N/A,N/A,N/A,N/A,N/A,1,2,0,0,0,2,2,0,0,0
N/A,N/A,N/A,N/A,N/A,13,0,2,0,2,14,0,2,0,2
N/A,N/A,N/A,N/A,N/A,10,0,8,0,1,9,0,9,0,1
6,0,18,2,0,6,0,16,3,1,6,0,17,3,1
14,1,4,0,0,12,1,4,0,0,13,1,4,0,0
4,0,16,0,4,6,0,16,1,4,6,0,18,1,3
7,2,5,1,0,6,3,4,1,0,7,3,3,1,0
N/A,N/A,N/A,N/A,N/A,N/A,N/A,N/A,N/A,N/A,6,1,4,0,0
18,2,5,0,0,18,2,5,0,0,17,3,4,0,0
12,1,4,0,0,13,2,4,0,0,13,1,5,0,0
8,0,9,1,0,N/A,N/A,N/A,N/A,N/A,9,0,9,0,0
2,0,9,1,3,N/A,N/A,N/A,N/A,N/A,1,0,11,0,3
4,0,5,0,0,N/A,N/A,N/A,N/A,N/A,4,0,4,0,0
N/A,N/A,N/A,N/A,N/A,N/A,N/A,N/A,N/A,N/A,0,1,0,0,0
16,3,5,1,1,14,3,6,1,1,15,2,5,0,0
15,2,10,0,0,15,2,11,0,0,14,2,12,0,0
N/A,N/A,N/A,N/A,N/A,16,2,2,0,0,16,0,2,2,0
14,0,7,0,1,10,0,7,1,1,9,1,8,0,1
10,1,9,0,1,8,1,12,0,0,9,1,12,0,0
N/A,N/A,N/A,N/A,N/A,5,1,9,0,0,5,1,10,0,0
4,0,10,0,2,5,0,8,1,2,6,0,8,0,2
N/A,N/A,N/A,N/A,N/A,11,0,12,0,1,10,0,12,0,1
N/A,N/A,N/A,N/A,N/A,12,1,4,1,0,13,0,4,1,0
9,0,4,0,1,8,0,5,0,1,6,0,6,0,0
N/A,N/A,N/A,N/A,N/A,N/A,N/A,N/A,N/A,N/A,11,1,3,1,0
N/A,N/A,N/A,N/A,N/A,16,4,3,0,1,16,4,3,0,1
N/A,N/A,N/A,N/A,N/A,1,0,7,0,2,2,0,5,0,1
N/A,N/A,N/A,N/A,N/A,6,1,7,0,0,7,2,6,0,0
5,0,10,0,2,6,0,8,1,2,7,0,8,0,2
16,0,10,0,0,18,1,7,0,1,18,1,7,0,1
8,0,4,0,0,N/A,N/A,N/A,N/A,N/A,9,0,3,0,0
7,0,8,0,4,7,0,8,0,4,7,0,8,1,3
N/A,N/A,N/A,N/A,N/A,N/A,N/A,N/A,N/A,N/A,5,1,6,1,2
12,0,14,1,1,12,1,13,1,1,12,1,14,1,2
5,1,1,1,0,5,1,4,0,0,6,1,2,0,0
13,1,9,0,0,12,1,9,0,0,14,1,9,0,0
8,2,8,0,0,8,2,9,0,0,7,2,9,0,0
N/A,N/A,N/A,N/A,N/A,14,0,4,0,0,14,0,4,0,0
N/A,N/A,N/A,N/A,N/A,11,0,7,1,0,11,0,8,0,0
20,1,0,0,0,18,1,0,0,0,17,2,0,0,0
9,2,8,0,0,9,2,9,0,0,8,2,9,0,0
12,2,6,0,1,13,2,5,0,1,13,2,6,0,1
N/A,N/A,N/A,N/A,N/A,9,1,9,0,3,9,1,10,0,3
5,0,6,0,0,4,0,6,0,2,3,0,6,0,2
15,0,1,0,1,N/A,N/A,N/A,N/A,N/A,13,0,1,0,1
13,0,5,0,1,13,0,4,1,1,12,0,4,1,1
13,0,6,0,0,12,1,5,0,0,13,1,4,0,0
15,2,2,1,0,14,3,2,0,0,16,2,2,0,0
9,1,5,0,1,9,0,6,0,1,9,0,7,0,1
N/A,N/A,N/A,N/A,N/A,11,1,3,0,0,11,1,2,0,1
5,2,7,0,0,6,2,6,0,0,6,1,7,0,0
7,1,5,0,5,N/A,N/A,N/A,N/A,N/A,5,1,9,0,3
14,1,7,0,1,15,2,6,0,0,15,1,7,0,0
11,1,6,0,0,8,2,9,0,0,12,2,6,0,0
9,2,12,0,1,10,2,12,0,3,11,2,11,0,3
11,1,5,0,0,9,1,5,0,0,11,0,5,1,0
16,2,2,1,0,15,3,2,0,0,17,2,2,0,0
N/A,N/A,N/A,N/A,N/A,15,0,0,0,1,15,0,0,0,0
5,0,8,1,3,7,0,9,1,1,8,0,8,1,1
2,1,12,1,6,5,1,12,0,4,6,0,10,0,4
N/A,N/A,N/A,N/A,N/A,5,0,3,1,0,6,1,3,1,0
1,1,1,0,2,1,1,3,0,2,1,1,3,0,1
7,1,1,1,0,8,1,2,1,0,9,1,4,0,0
3,1,10,1,2,2,1,11,0,3,2,1,11,1,2
7,1,18,0,1,4,1,16,1,3,4,1,17,1,3
N/A,N/A,N/A,N/A,N/A,6,0,6,0,1,5,0,6,0,1
15,2,2,1,0,16,2,2,1,0,18,2,1,1,0
3,1,4,0,0,4,1,3,1,0,4,1,4,0,0
8,0,11,0,0,10,0,12,0,0,10,0,13,0,0
3,0,3,0,1,N/A,N/A,N/A,N/A,N/A,3,1,4,0,1
4,1,14,0,1,N/A,N/A,N/A,N/A,N/A,6,0,14,0,1
9,2,12,0,1,10,2,11,0,3,11,2,10,0,3
15,2,6,0,1,N/A,N/A,N/A,N/A,N/A,16,1,6,0,1
1,1,1,0,2,1,1,3,0,2,1,1,3,0,1
N/A,N/A,N/A,N/A,N/A,N/A,N/A,N/A,N/A,N/A,7,1,2,0,0
18,4,4,0,0,18,3,4,0,0,19,4,3,0,0
N/A,N/A,N/A,N/A,N/A,0,0,9,1,2,0,0,9,1,2
1,0,13,1,3,2,0,11,2,4,3,0,10,2,4
5,2,5,1,0,5,2,5,1,0,5,2,4,1,0
2,1,7,0,2,2,1,5,0,2,4,1,5,0,2
N/A,N/A,N/A,N/A,N/A,1,0,9,2,9,1,0,11,3,7
20,3,4,0,0,18,2,9,0,0,17,2,9,0,0
10,1,1,0,0,N/A,N/A,N/A,N/A,N/A,10,1,2,0,0
N/A,N/A,N/A,N/A,N/A,N/A,N/A,N/A,N/A,N/A,11,0,4,0,2
13,1,10,1,0,13,1,12,1,0,13,0,12,2,0
14,1,5,0,2,16,1,5,0,0,14,3,4,0,1
N/A,N/A,N/A,N/A,N/A,N/A,N/A,N/A,N/A,N/A,0,0,9,0,4
17,0,1,0,0,N/A,N/A,N/A,N/A,N/A,16,0,1,0,0
4,1,8,0,1,4,2,8,0,0,5,2,7,1,0
8,0,11,2,2,N/A,N/A,N/A,N/A,N/A,8,0,12,2,1
10,0,11,0,0,14,0,9,0,0,14,0,11,0,0
10,1,5,1,0,11,0,5,1,0,11,0,4,1,1
15,0,5,0,0,17,0,3,0,0,17,0,2,1,0
5,1,6,0,3,N/A,N/A,N/A,N/A,N/A,5,1,5,0,4
4,0,6,1,0,N/A,N/A,N/A,N/A,N/A,5,0,5,1,0
6,0,10,3,2,7,0,9,3,2,6,1,10,2,2
10,1,20,0,1,13,1,14,0,1,14,1,13,1,0
N/A,N/A,N/A,N/A,N/A,11,0,5,0,0,11,0,6,0,0
7,0,2,0,2,9,0,2,0,2,10,0,1,0,0
3,0,11,0,6,6,0,9,0,6,5,0,10,0,6
N/A,N/A,N/A,N/A,N/A,N/A,N/A,N/A,N/A,N/A,3,0,5,1,0
22,2,14,1,1,21,3,13,1,1,20,3,13,1,0
N/A,N/A,N/A,N/A,N/A,17,2,5,1,0,18,2,5,1,0
6,0,6,1,0,6,0,5,1,1,6,0,7,1,1
11,0,1,1,0,12,0,1,1,0,9,0,4,1,0
11,1,10,0,3,12,0,11,0,3,12,0,12,0,3
0,0,10,0,6,0,1,9,0,7,0,1,8,0,8
4,5,13,0,3,N/A,N/A,N/A,N/A,N/A,6,2,16,0,1
N/A,N/A,N/A,N/A,N/A,12,0,9,0,0,13,0,8,0,0
N/A,N/A,N/A,N/A,N/A,N/A,N/A,N/A,N/A,N/A,2,0,15,0,0
11,1,11,0,3,12,0,12,0,3,12,0,13,0,3
7,1,5,0,1,9,1,5,0,0,9,2,4,0,0
2,0,20,0,0,1,0,20,0,0,1,0,11,0,0
13,2,3,0,1,11,2,4,0,1,11,2,3,0,1
2,1,1,0,0,6,3,1,0,0,7,3,1,0,0
9,1,8,1,0,10,1,6,1,0,10,1,7,1,0
7,0,6,0,1,9,0,5,0,1,11,0,4,0,1
14,3,14,0,0,13,1,14,2,1,12,3,14,0,1
14,3,13,0,0,13,1,13,2,1,12,3,13,0,1
N/A,N/A,N/A,N/A,N/A,8,1,5,1,0,9,1,4,1,0
8,0,7,0,0,9,0,5,0,0,12,1,3,0,0
3,0,8,0,4,5,0,8,0,4,5,1,6,0,4
